train_acc,train_loss,val_acc,val_loss
0.74206,0.85537905,0.8376582278481012,0.47666073
0.85433,0.42259642,0.8659493670886077,0.38652
0.86974,0.37090605,0.8736708860759494,0.35709074
0.87802,0.34182137,0.8744303797468355,0.35140544
0.88454,0.321671,0.8783544303797468,0.33153427
0.8894500000000001,0.30324665,0.8867721518987343,0.32372797
0.89441,0.28898358,0.8851898734177216,0.33025253
0.8970199999999999,0.2767125,0.884493670886076,0.32168752
